date	order_type	orders_count	orders_share
24/08/22	Первый	127	0.92
24/08/22	Повторный	11	0.08
25/08/22	Первый	802	0.76
25/08/22	Повторный	257	0.24
26/08/22	Первый	984	0.68
26/08/22	Повторный	463	0.32
27/08/22	Первый	1192	0.56
27/08/22	Повторный	949	0.44
28/08/22	Первый	1460	0.49
28/08/22	Повторный	1538	0.51
29/08/22	Первый	1281	0.39
29/08/22	Повторный	1986	0.61
30/08/22	Первый	1180	0.35
30/08/22	Повторный	2191	0.65
31/08/22	Первый	1380	0.4
31/08/22	Повторный	2030	0.6
01/09/22	Первый	1492	0.4
01/09/22	Повторный	2196	0.6
02/09/22	Первый	1864	0.37
02/09/22	Повторный	3137	0.63
03/09/22	Первый	1907	0.33
03/09/22	Повторный	3802	0.67
04/09/22	Первый	1943	0.32
04/09/22	Повторный	4067	0.68
05/09/22	Первый	1387	0.3
05/09/22	Повторный	3288	0.7
06/09/22	Первый	1012	0.29
06/09/22	Повторный	2439	0.71
07/09/22	Первый	1416	0.3
07/09/22	Повторный	3361	0.7
08/09/22	Первый	1661	0.3
08/09/22	Повторный	3813	0.7
