pair	count_pair
['курица', 'хлеб']	249
['сахар', 'хлеб']	237
['батон', 'хлеб']	235
['кофе 3 в 1', 'чай черный в пакетиках']	235
['курица', 'сахар']	233
['батон', 'молоко']	231
['батон', 'сахар']	227
['макароны', 'молоко']	227
['бананы', 'сахар']	226
['бананы', 'яблоки']	226
['молоко', 'чай черный в пакетиках']	226
['бананы', 'курица']	224
['батон', 'макароны']	224
['бананы', 'батон']	219
['бананы', 'молоко']	218
['бананы', 'чай черный в пакетиках']	218
['молоко', 'сгущенка']	218
['сок яблочный', 'чай черный в пакетиках']	218
['бананы', 'хлеб']	217
['вода негазированная', 'курица']	217
['кофе растворимый', 'курица']	217
['молоко', 'хлеб']	216
['бананы', 'макароны']	215
['батон', 'чай черный в пакетиках']	214
['кофе растворимый', 'сахар']	214
['курица', 'сгущенка']	214
['макароны', 'сахар']	214
['бананы', 'масло подсолнечное']	212
['бананы', 'сосиски']	212
['масло подсолнечное', 'хлеб']	212
['макароны', 'хлеб']	211
['сметана', 'чай черный в пакетиках']	211
['бананы', 'сметана']	210
['батон', 'лимонад']	210
['курица', 'яблоки']	210
['макароны', 'чай черный в пакетиках']	210
['кофе растворимый', 'хлеб']	209
['кофе растворимый', 'чай черный в пакетиках']	209
['лимонад', 'молоко']	209
['печенье', 'сахар']	209
['печенье', 'сгущенка']	208
['соль', 'чай черный в пакетиках']	207
['хлеб', 'чай черный в пакетиках']	207
['бананы', 'кофе растворимый']	206
['молоко', 'сок яблочный']	206
['батон', 'печенье']	204
['печенье', 'чай черный в пакетиках']	204
['батон', 'курица']	203
['кофе 3 в 1', 'кофе растворимый']	203
['макароны', 'сосиски']	203
['курица', 'чай черный в пакетиках']	202
['макароны', 'сгущенка']	202
['сгущенка', 'чай черный в пакетиках']	202
['вода негазированная', 'молоко']	201
['курица', 'сосиски']	201
['молоко', 'сахар']	201
['хлеб', 'яблоки']	201
['курица', 'лимонад']	200
['курица', 'молоко']	200
['молоко', 'соль']	200
['бананы', 'сок яблочный']	199
['сахар', 'чай черный в пакетиках']	199
['вода негазированная', 'чай черный в пакетиках']	198
['курица', 'сметана']	198
['бананы', 'сгущенка']	197
['кофе 3 в 1', 'сосиски']	197
['масло подсолнечное', 'чай черный в пакетиках']	197
['вода негазированная', 'хлеб']	196
['кофе 3 в 1', 'сахар']	196
['курица', 'масло подсолнечное']	196
['лимонад', 'сахар']	196
['лимонад', 'хлеб']	196
['сахар', 'сосиски']	196
['сгущенка', 'хлеб']	196
['батон', 'кофе 3 в 1']	195
['кофе 3 в 1', 'молоко']	195
['курица', 'макароны']	195
['сахар', 'яблоки']	195
['сок яблочный', 'яблоки']	195
['соль', 'хлеб']	195
['батон', 'сок яблочный']	194
['вода негазированная', 'макароны']	194
['курица', 'печенье']	194
['макароны', 'соль']	194
['печенье', 'хлеб']	194
['сосиски', 'хлеб']	194
['чай черный в пакетиках', 'яблоки']	194
['бананы', 'кофе 3 в 1']	193
['лимонад', 'чай черный в пакетиках']	193
['сахар', 'сметана']	193
['сметана', 'хлеб']	193
['батон', 'кофе растворимый']	192
['кофе 3 в 1', 'сок яблочный']	192
['кофе растворимый', 'молоко']	192
['курица', 'соль']	192
['макароны', 'сметана']	192
['молоко', 'сметана']	192
['бананы', 'лимонад']	191
['батон', 'масло подсолнечное']	191
['батон', 'энергетический напиток']	191
['кофе растворимый', 'сгущенка']	191
['курица', 'сок яблочный']	191
['макароны', 'печенье']	191
['мандарины', 'хлеб']	191
['сгущенка', 'сок яблочный']	191
['овсянка', 'хлеб']	190
['батон', 'сосиски']	189
['вода негазированная', 'яблоки']	189
['кофе растворимый', 'масло подсолнечное']	189
['кофе растворимый', 'печенье']	189
['кофе 3 в 1', 'курица']	188
['молоко', 'сосиски']	188
['сгущенка', 'сметана']	188
['бананы', 'печенье']	187
['батон', 'сгущенка']	187
['кофе растворимый', 'макароны']	187
['курица', 'энергетический напиток']	187
['лимонад', 'соль']	187
['масло подсолнечное', 'молоко']	187
['молоко', 'сухарики']	187
['бананы', 'чипсы']	186
['вода негазированная', 'кофе растворимый']	186
['лимонад', 'макароны']	186
['макароны', 'энергетический напиток']	186
['масло подсолнечное', 'сахар']	186
['молоко', 'печенье']	186
['батон', 'вафли']	185
['кофе растворимый', 'сметана']	185
['вода негазированная', 'сахар']	184
['кофе 3 в 1', 'макароны']	184
['кофе растворимый', 'сосиски']	184
['лимонад', 'сметана']	184
['макароны', 'свинина']	184
['масло подсолнечное', 'сгущенка']	184
['кофе 3 в 1', 'сгущенка']	183
['кофе растворимый', 'соль']	183
['молоко', 'чай зеленый в пакетиках']	183
['сахар', 'сгущенка']	183
['хлеб', 'чай зеленый в пакетиках']	183
['бананы', 'энергетический напиток']	182
['курица', 'чипсы']	182
['молоко', 'шоколад черный']	182
['бананы', 'вода негазированная']	181
['батон', 'вода негазированная']	181
['макароны', 'масло подсолнечное']	181
['масло подсолнечное', 'сметана']	181
['печенье', 'сосиски']	181
['сахар', 'сок яблочный']	181
['сахар', 'соль']	181
['сметана', 'яблоки']	181
['сок яблочный', 'сосиски']	181
['бананы', 'сухарики']	180
['масло подсолнечное', 'сок яблочный']	180
['сгущенка', 'яблоки']	180
['сметана', 'сок яблочный']	180
['сосиски', 'яблоки']	180
['лимонад', 'сок яблочный']	179
['лимонад', 'сухарики']	179
['макароны', 'овсянка']	179
['сгущенка', 'сосиски']	179
['лимонад', 'чипсы']	178
['макароны', 'мандарины']	178
['макароны', 'яблоки']	178
['печенье', 'сок яблочный']	178
['сок яблочный', 'хлеб']	178
['кофе растворимый', 'сухарики']	177
['сухарики', 'хлеб']	177
['хлеб', 'шоколад черный']	177
['бананы', 'соль']	176
['батон', 'соль']	176
['лимонад', 'энергетический напиток']	176
['масло подсолнечное', 'яблоки']	176
['молоко', 'овсянка']	176
['молоко', 'яблоки']	176
['хлеб', 'чипсы']	176
['батон', 'сметана']	175
['курица', 'мандарины']	175
['сметана', 'сосиски']	175
['чай черный в пакетиках', 'шоколад черный']	175
['вафли', 'чай черный в пакетиках']	174
['вода негазированная', 'сосиски']	174
['масло оливковое', 'хлеб']	174
['свинина', 'чай черный в пакетиках']	174
['вода негазированная', 'печенье']	173
['кофе 3 в 1', 'сметана']	173
['курица', 'сухарики']	173
['мандарины', 'сахар']	173
