sex	age	users_count
male	22	1
male	23	1
female	24	4
male	24	2
female	25	10
male	25	15
female	26	30
male	26	37
female	27	101
male	27	83
female	28	204
male	28	198
female	29	391
male	29	415
female	30	632
male	30	705
female	31	1027
male	31	1030
female	32	1280
male	32	1265
female	33	1387
male	33	1522
female	34	1501
male	34	1420
female	35	1229
male	35	1189
female	36	965
male	36	917
female	37	664
male	37	654
female	38	389
male	38	360
female	39	173
male	39	214
female	40	76
male	40	78
female	41	45
male	41	32
female	42	9
male	42	16
female	43	5
male	43	3
male	44	2
